username,user_id
14oliveiraaa,0
3c_films,1
_isocertified,2
aarghand,3
aarnwlsn,4
aboutlalalala,5
adaydreaming,6
adrianam,7
aegxpredator,8
agastak,9
aksually,10
alewatchesfilms,11
alexcolemann,12
alexgiu,13
alexlawther,14
alexxaaa,15
alimovieguy726,16
allicinema,17
alor,18
amandathejedi,19
andredenervaux,20
angelicajade,21
annakendrick,22
annanomaly,23
apat100,24
archio44,25
ariella147,26
arkhamoutlaw10,27
artwithin,28
ashmatxx,29
aspecht,30
austinburke,31
austinelkins,32
avalynwu,33
axel_prus,34
b1mb1m,35
bailey0,36
balanders,37
barbiesswanlake,38
barbiest,39
bartonfinked,40
behaind,41
benjigotfried,42
benmatthewempey,43
benoftheweek,44
bertz,45
bethanyinfilm,46
bjstreu513,47
blackswannss,48
blakestakes,49
blueghosts,50
bobbyfinger,51
bobbywags,52
brandonlikes,53
brat,54
breramjit,55
brianformo,56
brofromanother,57
browsehorror,58
cameronsilas,59
cantinaband,60
carleythorne,61
cartoonshi,62
catelyn,63
cathyk,64
ceryslovesfilm,65
cevangelista413,66
chatterb0xd,67
childrenofmen,68
chlochl,69
chloeac,70
chrisvfeil,71
cine_matic,72
cineaccess,73
cineflek,74
cinemaclown,75
cinemaphil,76
cinemavoid,77
cinemonika,78
cjwalsh27,79
clairacurtis,80
clarajarl,81
clockworkking,82
cobbb,83
cobrarocky,84
coffeevirus,85
colinfirths,86
colonelmortimer,87
columned,88
comrade_yui,89
connoreatspants,90
coolguytim,91
coreywagstaff,92
corneliastlight,93
criticallemon97,94
cstanley13,95
cswood,96
cuqui,97
dakotajoaquin,98
darkestparadise,99
darrencb,100
dave,101
davechen,102
davidehrlich,103
davidfinchher,104
davidlsims,105
dayaonfilm,106
deathproof,107
denielemein,108
devulx,109
diogoserafim,110
dirkh,111
discovery_17,112
dkxel,113
doinkdedoink,114
doodlebarb,115
doomblazer,116
draper_,117
dreguerr,118
drqas,119
duckbrayden,120
dumbsville,121
eely,122
elaurapictures,123
elementarii,124
elihayes,125
ellakemp,126
ellefnning,127
elliebean,128
elsergiomunoz,129
enniomorricone,130
epm101,131
erinlindsayy,132
estheronfilm,133
ethan_mateo,134
evanac,135
evasive,136
evilbjork,137
evrybdytlks,138
fake_shemp,139
falgabara,140
favzscream,141
fcbarcelona,142
fconnor,143
filipe_furtado,144
filmexpress,145
filmsbi,146
finnpoe,147
flatescargots,148
fly80,149
flynnslicker,150
followtheblind,151
framesofnick,152
franhoepfner,153
frejaoneill,154
freyainthcities,155
fuchsiadyke,156
funeralroses,157
gabbwoo,158
gamegeek,159
gemko,160
georgecarmi,161
ghostfacereveal,162
gilliananderson,163
ginnyweasley,164
girlsnoopy,165
graceowen,166
gregs1999,167
grimkujow,168
grooveman,169
gwenlikesfilm,170
hailliackerman,171
hallofjeremy,172
hammerbros94,173
hauntedhippie,174
hauteprincesses,175
haydenstarkey,176
henryspencerirl,177
hewasthrfriendd,178
heyitsvasili,179
heythisisjames,180
hivemindriley,181
hollieamanda,182
hooviesmovies,183
hstrawberry,184
iam_sherlocked,185
ianamurray,186
ilyclemmie,187
iman_vell,188
imogenbella_,189
imstuckinahole,190
indiasfilms,191
ingridgoeswest,192
iovewitch,193
itsdrewclark,194
itsrambb,195
jack,196
jackfolla,197
jacobknight,198
jah776,199
jaimerebanal,200
jakealdacoffey,201
jakepcole,202
jakeperalta,203
jameskl,204
jaragon23,205
jarodzsz,206
jay,207
jbird26,208
jeaba,209
jennyslate,210
jgyllenhaal,211
jjbjr,212
jjenavue,213
jkemp344,214
jlalibs,215
johncassavetes,216
joj66,217
jojo731,218
jompatron,219
jonathanfujii,220
jordanwilliams,221
joshtenet,222
joshuacaine,223
joshuapictures,224
juggernaut323,225
junkmaiill,226
jurassicstark,227
justindecloux,228
justinwuah,229
kanye,230
katiewalshstx,231
keenan28,232
kennedylizrose,233
kevflixandchill,234
kevin_robbins,235
kevintporter,236
kfavs,237
kodak_cameron,238
kristenyoonsoo,239
ksenijab,240
kun,241
kurstboy,242
kyledunne,243
kylielemaster,244
kyloz,245
ladieswholunch,246
lalithhhh,247
laniepm,248
larsenonfilm,249
lastcooldude,250
laurenbourke,251
lautengcokj,252
leahp22,253
leannechlxe,254
leeyim,255
lennylobster,256
leschroeck,257
leslieburke,258
lesserbohemian,259
letmeexplain,260
lilenr1que,261
lilithritter,262
linky1024,263
localhero_,264
loomis5678,265
louispeitzman,266
lovelltrin,267
lucam8a,268
luciacoronado_,269
lucyskeet,270
m__ollymac,271
maaapple,272
macfilms,273
madihatesfilm,274
madisqnn,275
magrosleau,276
mahmus,277
maiapog,278
mammothmafia,279
mancarrying,280
mank,281
mardarrius,282
marianjune,283
markmooney,284
marshayame,285
martinisheen,286
martinslisbon,287
math_vdd,288
mattjpg,289
mayermk,290
mcumagik,291
megbitchell,292
meggie19,293
melodramafilms,294
menslaughter,295
menzayd,296
mi_m0,297
miag0th,298
miakhalifa93,299
miguelaraiza,300
mikesmic,301
milkbbi,302
miniuniverse,303
mjohnson18,304
mjthornton,305
mogwai_synth,306
mollyy,307
morgtionpicture,308
moviecoop,309
movieguyjustine,310
moviemattk,311
moviesarelife1,312
moviesrtherapy,313
movius,314
mrmoviesrd,315
mskiesha,316
mulaney,317
murielcampos,318
nadiaalexeev,319
natb294,320
ndc32002,321
neilbahadur,322
neorapp,323
nibiru_truth,324
niceguys,325
nickmcc2,326
nickofdasouth,327
nickwibert,328
nolanscheetz,329
notmerii,330
nycsubwayrat,331
oconnells,332
okony,333
olivemeow,334
oppenmommy,335
overdeclined,336
paulscheer,337
paulswhtn,338
peskypaul,339
philbertdy,340
phoebejl,341
phrynefisher,342
pobrecito,343
pointbreakfan,344
popofett,345
prilosec,346
prozd,347
psychedelicmads,348
pudgymccabe,349
punchdrunklizzy,350
purpl3pin3appl3,351
pymparticles,352
qmoviereviews,353
reel_takes,354
regelegorila,355
reibureibu,356
rendyjones,357
reservoirdvgs,358
rickdeckard,359
riley_danson,360
riotglasses,361
riverjphoenix,362
roberto_,363
rosamundpike,364
rubenjpotter,365
rudimh,366
russman,367
ryangosling,368
safethrucloth,369
sakana1,370
sammeltzer,371
sammmbennettt,372
sammyjreacts,373
sapphicquinn,374
sarahlovett,375
schaffrillas,376
schlockvalue,377
scissorluvs,378
screeningnotes,379
seahorseronan,380
seanfennessey,381
serenditpity,382
sethsreviews,383
settingsun,384
sharktale,385
shookone,386
shrekfan1234,387
shutterisland,388
shutupmikeginn,389
silentdawn,390
silentjoe13,391
siooo,392
slig001,393
sm8king,394
sonnywortzik,395
sophiaplanos,396
sophiedarcy,397
soyunapringada_,398
spicyboyivy,399
stevenss_13,400
stk5,401
strangeharbors,402
strawberryskyy,403
subsahaaron,404
sunset99,405
superpulse,406
supremelemon,407
suspirliam,408
sweetaslemons,409
swiftlybytaylor,410
swjerr,411
syaoran,412
sydmaea,413
sydstv,414
tastasstxr,415
taylorfilmguy,416
tediously_brief,417
theanglosaxon,418
theasprite,419
theblackphillip,420
theblogosfear,421
theendofcinema,422
thehandmaiden,423
thejacko,424
thejoelynch,425
thejoshl,426
themagicworlds,427
thenotoriousjac,428
timcop,429
timeistheking,430
timtamtitus,431
tobethharmon,432
toddalex86,433
tomatopastes,434
tonyterror,435
tototoro,436
touyacel,437
tristmurr,438
troyoboyo17,439
truman,440
tylercwhitmore,441
tyllerdarko,442
ultimateparker,443
unawarewolf,444
usercillian,445
verasaidthat,446
vetzmovies,447
vicsptln,448
visionsofgideon,449
vitaminc1,450
vmelkv,451
vontrapp,452
wafellow,453
wexlleyxn,454
whentheometfilm,455
whyandre,456
will_sloan,457
willhollis,458
willhunting,459
wizardchurch,460
yapper7781,461
yazzjames,462
yeshomo,463
yijian,464
zacblonded,465
zoerosebryant,466
zoltarak,467
zuzupan,468
zyrohrvy,469
