username,profile_url,page_found
kurstboy,https://letterboxd.com/kurstboy/,1
schaffrillas,https://letterboxd.com/schaffrillas/,1
jay,https://letterboxd.com/jay/,1
deathproof,https://letterboxd.com/deathproof/,1
davidehrlich,https://letterboxd.com/davidehrlich/,1
thejoshl,https://letterboxd.com/thejoshl/,1
ingridgoeswest,https://letterboxd.com/ingridgoeswest/,1
silentdawn,https://letterboxd.com/silentdawn/,1
colonelmortimer,https://letterboxd.com/colonelmortimer/,1
framesofnick,https://letterboxd.com/framesofnick/,1
suspirliam,https://letterboxd.com/suspirliam/,1
superpulse,https://letterboxd.com/superpulse/,1
aarnwlsn,https://letterboxd.com/aarnwlsn/,1
davidlsims,https://letterboxd.com/davidlsims/,1
zoerosebryant,https://letterboxd.com/zoerosebryant/,1
jaragon23,https://letterboxd.com/jaragon23/,1
brat,https://letterboxd.com/brat/,1
sapphicquinn,https://letterboxd.com/sapphicquinn/,1
tototoro,https://letterboxd.com/tototoro/,1
sophiedarcy,https://letterboxd.com/sophiedarcy/,1
usercillian,https://letterboxd.com/usercillian/,1
childrenofmen,https://letterboxd.com/childrenofmen/,1
dirkh,https://letterboxd.com/dirkh/,1
jeaba,https://letterboxd.com/jeaba/,1
jonathanfujii,https://letterboxd.com/jonathanfujii/,1
itsrambb,https://letterboxd.com/itsrambb/,1
rickdeckard,https://letterboxd.com/rickdeckard/,1
georgecarmi,https://letterboxd.com/georgecarmi/,1
franhoepfner,https://letterboxd.com/franhoepfner/,1
fuchsiadyke,https://letterboxd.com/fuchsiadyke/,1
stk5,https://letterboxd.com/stk5/,2
eely,https://letterboxd.com/eely/,2
riverjphoenix,https://letterboxd.com/riverjphoenix/,2
elementarii,https://letterboxd.com/elementarii/,2
nycsubwayrat,https://letterboxd.com/nycsubwayrat/,2
siooo,https://letterboxd.com/siooo/,2
murielcampos,https://letterboxd.com/murielcampos/,2
elihayes,https://letterboxd.com/elihayes/,2
darrencb,https://letterboxd.com/darrencb/,2
kfavs,https://letterboxd.com/kfavs/,2
kun,https://letterboxd.com/kun/,2
lilithritter,https://letterboxd.com/lilithritter/,2
mrmoviesrd,https://letterboxd.com/mrmoviesrd/,2
barbiesswanlake,https://letterboxd.com/barbiesswanlake/,2
leeyim,https://letterboxd.com/leeyim/,2
leslieburke,https://letterboxd.com/leslieburke/,2
willhunting,https://letterboxd.com/willhunting/,2
davidfinchher,https://letterboxd.com/davidfinchher/,2
hollieamanda,https://letterboxd.com/hollieamanda/,2
ilyclemmie,https://letterboxd.com/ilyclemmie/,2
comrade_yui,https://letterboxd.com/comrade_yui/,2
ellakemp,https://letterboxd.com/ellakemp/,2
cantinaband,https://letterboxd.com/cantinaband/,2
ellefnning,https://letterboxd.com/ellefnning/,2
filipe_furtado,https://letterboxd.com/filipe_furtado/,2
juggernaut323,https://letterboxd.com/juggernaut323/,2
lovelltrin,https://letterboxd.com/lovelltrin/,2
sethsreviews,https://letterboxd.com/sethsreviews/,2
will_sloan,https://letterboxd.com/will_sloan/,2
henryspencerirl,https://letterboxd.com/henryspencerirl/,2
sapphical,https://letterboxd.com/sapphical/,3
artwithin,https://letterboxd.com/artwithin/,3
amandathejedi,https://letterboxd.com/amandathejedi/,3
hewasthrfriendd,https://letterboxd.com/hewasthrfriendd/,3
alexlawther,https://letterboxd.com/alexlawther/,3
russman,https://letterboxd.com/russman/,3
cobbb,https://letterboxd.com/cobbb/,3
enniomorricone,https://letterboxd.com/enniomorricone/,3
jlalibs,https://letterboxd.com/jlalibs/,3
estheronfilm,https://letterboxd.com/estheronfilm/,3
nevermore1985,https://letterboxd.com/nevermore1985/,3
moviesrtherapy,https://letterboxd.com/moviesrtherapy/,3
coffeevirus,https://letterboxd.com/coffeevirus/,3
davechen,https://letterboxd.com/davechen/,3
alor,https://letterboxd.com/alor/,3
timtamtitus,https://letterboxd.com/timtamtitus/,3
screeningnotes,https://letterboxd.com/screeningnotes/,3
menslaughter,https://letterboxd.com/menslaughter/,3
ceryslovesfilm,https://letterboxd.com/ceryslovesfilm/,3
seanfennessey,https://letterboxd.com/seanfennessey/,3
kyledunne,https://letterboxd.com/kyledunne/,3
elaurapictures,https://letterboxd.com/elaurapictures/,3
jack,https://letterboxd.com/jack/,3
sophiaplanos,https://letterboxd.com/sophiaplanos/,3
niceguys,https://letterboxd.com/niceguys/,3
bethanyinfilm,https://letterboxd.com/bethanyinfilm/,3
arkhamoutlaw10,https://letterboxd.com/arkhamoutlaw10/,3
mulaney,https://letterboxd.com/mulaney/,3
hauteprincesses,https://letterboxd.com/hauteprincesses/,3
iovewitch,https://letterboxd.com/iovewitch/,3
coreywagstaff,https://letterboxd.com/coreywagstaff/,4
hstrawberry,https://letterboxd.com/hstrawberry/,4
cineaccess,https://letterboxd.com/cineaccess/,4
megbitchell,https://letterboxd.com/megbitchell/,4
dakotajoaquin,https://letterboxd.com/dakotajoaquin/,4
kristenyoonsoo,https://letterboxd.com/kristenyoonsoo/,4
alovelynite,https://letterboxd.com/alovelynite/,4
cinemavoid,https://letterboxd.com/cinemavoid/,4
kyloz,https://letterboxd.com/kyloz/,4
jjbjr,https://letterboxd.com/jjbjr/,4
andredenervaux,https://letterboxd.com/andredenervaux/,4
jakepcole,https://letterboxd.com/jakepcole/,4
phrynefisher,https://letterboxd.com/phrynefisher/,4
settingsun,https://letterboxd.com/settingsun/,4
clairacurtis,https://letterboxd.com/clairacurtis/,4
gemko,https://letterboxd.com/gemko/,4
cuqui,https://letterboxd.com/cuqui/,4
sarahlovett,https://letterboxd.com/sarahlovett/,4
zoltarak,https://letterboxd.com/zoltarak/,4
ihe,https://letterboxd.com/ihe/,4
dave,https://letterboxd.com/dave/,4
connoreatspants,https://letterboxd.com/connoreatspants/,4
incomingmail,https://letterboxd.com/incomingmail/,4
shookone,https://letterboxd.com/shookone/,4
m__ollymac,https://letterboxd.com/m__ollymac/,4
tonyterror,https://letterboxd.com/tonyterror/,4
seahorseronan,https://letterboxd.com/seahorseronan/,4
yazzjames,https://letterboxd.com/yazzjames/,4
aksually,https://letterboxd.com/aksually/,4
whentheometfilm,https://letterboxd.com/whentheometfilm/,4
catelyn,https://letterboxd.com/catelyn/,5
karenhan,https://letterboxd.com/karenhan/,5
yijian,https://letterboxd.com/yijian/,5
apocalypsenow,https://letterboxd.com/apocalypsenow/,5
draper_,https://letterboxd.com/draper_/,5
jurassicstark,https://letterboxd.com/jurassicstark/,5
impressionblend,https://letterboxd.com/impressionblend/,5
elcochran90,https://letterboxd.com/elcochran90/,5
mildredsfierce,https://letterboxd.com/mildredsfierce/,5
pd187,https://letterboxd.com/pd187/,5
justindecloux,https://letterboxd.com/justindecloux/,5
hauntedhippie,https://letterboxd.com/hauntedhippie/,5
allicinema,https://letterboxd.com/allicinema/,5
mardarrius,https://letterboxd.com/mardarrius/,5
paulswhtn,https://letterboxd.com/paulswhtn/,5
marianjune,https://letterboxd.com/marianjune/,5
jbird26,https://letterboxd.com/jbird26/,5
ashmatxx,https://letterboxd.com/ashmatxx/,5
neilbahadur,https://letterboxd.com/neilbahadur/,5
sharktale,https://letterboxd.com/sharktale/,5
jbouie,https://letterboxd.com/jbouie/,5
pointbreakfan,https://letterboxd.com/pointbreakfan/,5
thomasflight,https://letterboxd.com/thomasflight/,5
theendofcinema,https://letterboxd.com/theendofcinema/,5
dselwyns,https://letterboxd.com/dselwyns/,5
flanaganfilm,https://letterboxd.com/flanaganfilm/,5
traintobusan,https://letterboxd.com/traintobusan/,5
dirkbogarde,https://letterboxd.com/dirkbogarde/,5
jakeperalta,https://letterboxd.com/jakeperalta/,5
benjigotfried,https://letterboxd.com/benjigotfried/,5
funeralroses,https://letterboxd.com/funeralroses/,6
truman,https://letterboxd.com/truman/,6
austinburke,https://letterboxd.com/austinburke/,6
lilfilm,https://letterboxd.com/lilfilm/,6
campbart,https://letterboxd.com/campbart/,6
fcbarcelona,https://letterboxd.com/fcbarcelona/,6
thejoelynch,https://letterboxd.com/thejoelynch/,6
rudimh,https://letterboxd.com/rudimh/,6
vontrapp,https://letterboxd.com/vontrapp/,6
citizenhal,https://letterboxd.com/citizenhal/,6
mancarrying,https://letterboxd.com/mancarrying/,6
jaimerebanal,https://letterboxd.com/jaimerebanal/,6
itsnacool,https://letterboxd.com/itsnacool/,6
justinwuah,https://letterboxd.com/justinwuah/,6
jameskl,https://letterboxd.com/jameskl/,6
cinemaclown,https://letterboxd.com/cinemaclown/,6
annreinking,https://letterboxd.com/annreinking/,6
dahans,https://letterboxd.com/dahans/,6
cevangelista413,https://letterboxd.com/cevangelista413/,6
brendohare,https://letterboxd.com/brendohare/,6
roberto_,https://letterboxd.com/roberto_/,6
breramjit,https://letterboxd.com/breramjit/,6
taylorfilmguy,https://letterboxd.com/taylorfilmguy/,6
annanomaly,https://letterboxd.com/annanomaly/,6
flynnryder,https://letterboxd.com/flynnryder/,6
adaydreaming,https://letterboxd.com/adaydreaming/,6
hepburnluv,https://letterboxd.com/hepburnluv/,6
qmoviereviews,https://letterboxd.com/qmoviereviews/,6
heyitsvasili,https://letterboxd.com/heyitsvasili/,6
theriverjordan,https://letterboxd.com/theriverjordan/,6
briantt,https://letterboxd.com/briantt/,7
girlsnoopy,https://letterboxd.com/girlsnoopy/,7
theblogosfear,https://letterboxd.com/theblogosfear/,7
jakealdacoffey,https://letterboxd.com/jakealdacoffey/,7
letmeexplain,https://letterboxd.com/letmeexplain/,7
mcumagik,https://letterboxd.com/mcumagik/,7
kevintporter,https://letterboxd.com/kevintporter/,7
cathyk,https://letterboxd.com/cathyk/,7
todd_gaines,https://letterboxd.com/todd_gaines/,7
pobrecito,https://letterboxd.com/pobrecito/,7
fake_shemp,https://letterboxd.com/fake_shemp/,7
elsergiomunoz,https://letterboxd.com/elsergiomunoz/,7
mr_dulac,https://letterboxd.com/mr_dulac/,7
melodramafilms,https://letterboxd.com/melodramafilms/,7
evilbjork,https://letterboxd.com/evilbjork/,7
etolkin,https://letterboxd.com/etolkin/,7
timcop,https://letterboxd.com/timcop/,7
alexcolemann,https://letterboxd.com/alexcolemann/,7
chrisvfeil,https://letterboxd.com/chrisvfeil/,7
vortexd,https://letterboxd.com/vortexd/,7
chloeac,https://letterboxd.com/chloeac/,7
madihatesfilm,https://letterboxd.com/madihatesfilm/,7
lucyskeet,https://letterboxd.com/lucyskeet/,7
zaragwen,https://letterboxd.com/zaragwen/,7
finnpoe,https://letterboxd.com/finnpoe/,7
oliviathebi,https://letterboxd.com/oliviathebi/,7
hammerbros94,https://letterboxd.com/hammerbros94/,7
kanye,https://letterboxd.com/kanye/,7
reibureibu,https://letterboxd.com/reibureibu/,7
clarajarl,https://letterboxd.com/clarajarl/,7
behaind,https://letterboxd.com/behaind/,8
cinemonika,https://letterboxd.com/cinemonika/,8
riotglasses,https://letterboxd.com/riotglasses/,8
grooveman,https://letterboxd.com/grooveman/,8
punchdrunklizzy,https://letterboxd.com/punchdrunklizzy/,8
jacobknight,https://letterboxd.com/jacobknight/,8
justin_peterson,https://letterboxd.com/justin_peterson/,8
blueghosts,https://letterboxd.com/blueghosts/,8
kevflixandchill,https://letterboxd.com/kevflixandchill/,8
cobrarocky,https://letterboxd.com/cobrarocky/,8
oppenmommy,https://letterboxd.com/oppenmommy/,8
chatterb0xd,https://letterboxd.com/chatterb0xd/,8
mammothmafia,https://letterboxd.com/mammothmafia/,8
martinisheen,https://letterboxd.com/martinisheen/,8
theportman,https://letterboxd.com/theportman/,8
alexil,https://letterboxd.com/alexil/,8
graceowen,https://letterboxd.com/graceowen/,8
bobbywags,https://letterboxd.com/bobbywags/,8
brianformo,https://letterboxd.com/brianformo/,8
freyainthcities,https://letterboxd.com/freyainthcities/,8
tylercwhitmore,https://letterboxd.com/tylercwhitmore/,8
peterstanley,https://letterboxd.com/peterstanley/,8
larsenonfilm,https://letterboxd.com/larsenonfilm/,8
bertz,https://letterboxd.com/bertz/,8
cineflek,https://letterboxd.com/cineflek/,8
dayaonfilm,https://letterboxd.com/dayaonfilm/,8
nolanscheetz,https://letterboxd.com/nolanscheetz/,8
ksenijab,https://letterboxd.com/ksenijab/,8
ianamurray,https://letterboxd.com/ianamurray/,8
darkestparadise,https://letterboxd.com/darkestparadise/,8
lastcooldude,https://letterboxd.com/lastcooldude/,9
magrosleau,https://letterboxd.com/magrosleau/,9
jarodzsz,https://letterboxd.com/jarodzsz/,9
harinef,https://letterboxd.com/harinef/,9
kevinyang,https://letterboxd.com/kevinyang/,9
whyandre,https://letterboxd.com/whyandre/,9
jennyslate,https://letterboxd.com/jennyslate/,9
b1mb1m,https://letterboxd.com/b1mb1m/,9
willhollis,https://letterboxd.com/willhollis/,9
rendyjones,https://letterboxd.com/rendyjones/,9
flynnslicker,https://letterboxd.com/flynnslicker/,9
marshayame,https://letterboxd.com/marshayame/,9
blackswannss,https://letterboxd.com/blackswannss/,9
sarahsquirm,https://letterboxd.com/sarahsquirm/,9
aboutlalalala,https://letterboxd.com/aboutlalalala/,9
schlockvalue,https://letterboxd.com/schlockvalue/,9
mitchell,https://letterboxd.com/mitchell/,9
nickwibert,https://letterboxd.com/nickwibert/,9
simonramshaw,https://letterboxd.com/simonramshaw/,9
girlactress,https://letterboxd.com/girlactress/,9
spicyboyivy,https://letterboxd.com/spicyboyivy/,9
riley_danson,https://letterboxd.com/riley_danson/,9
menzayd,https://letterboxd.com/menzayd/,9
nickmcc2,https://letterboxd.com/nickmcc2/,9
unawarewolf,https://letterboxd.com/unawarewolf/,9
caddicarus,https://letterboxd.com/caddicarus/,9
cosmonautmarkie,https://letterboxd.com/cosmonautmarkie/,9
evanac,https://letterboxd.com/evanac/,9
ddarko42,https://letterboxd.com/ddarko42/,9
sammeltzer,https://letterboxd.com/sammeltzer/,9
stephenage,https://letterboxd.com/stephenage/,10
justbrianna,https://letterboxd.com/justbrianna/,10
annakendrick,https://letterboxd.com/annakendrick/,10
angelicajade,https://letterboxd.com/angelicajade/,10
lautengcokj,https://letterboxd.com/lautengcokj/,10
grifflightning,https://letterboxd.com/grifflightning/,10
cammmalot,https://letterboxd.com/cammmalot/,10
sarahabob,https://letterboxd.com/sarahabob/,10
nibiru_truth,https://letterboxd.com/nibiru_truth/,10
reservoirdvgs,https://letterboxd.com/reservoirdvgs/,10
ethan_mateo,https://letterboxd.com/ethan_mateo/,10
agastak,https://letterboxd.com/agastak/,10
swjerr,https://letterboxd.com/swjerr/,10
carleythorne,https://letterboxd.com/carleythorne/,10
indiasfilms,https://letterboxd.com/indiasfilms/,10
katiewalshstx,https://letterboxd.com/katiewalshstx/,10
natb294,https://letterboxd.com/natb294/,10
nickusen,https://letterboxd.com/nickusen/,10
mskiesha,https://letterboxd.com/mskiesha/,10
leahp22,https://letterboxd.com/leahp22/,10
itsdrewclark,https://letterboxd.com/itsdrewclark/,10
alimovieguy726,https://letterboxd.com/alimovieguy726/,10
filmsbi,https://letterboxd.com/filmsbi/,10
slig001,https://letterboxd.com/slig001/,10
raybean,https://letterboxd.com/raybean/,10
shutupmikeginn,https://letterboxd.com/shutupmikeginn/,10
johncassavetes,https://letterboxd.com/johncassavetes/,10
worsethan,https://letterboxd.com/worsethan/,10
geneparmesan,https://letterboxd.com/geneparmesan/,10
jah776,https://letterboxd.com/jah776/,10
pudgymccabe,https://letterboxd.com/pudgymccabe/,11
punq,https://letterboxd.com/punq/,11
balanders,https://letterboxd.com/balanders/,11
sonnywortzik,https://letterboxd.com/sonnywortzik/,11
dumbsville,https://letterboxd.com/dumbsville/,11
luciacoronado_,https://letterboxd.com/luciacoronado_/,11
mjohnson18,https://letterboxd.com/mjohnson18/,11
man_out_of_time,https://letterboxd.com/man_out_of_time/,11
gremlita,https://letterboxd.com/gremlita/,11
thehandmaiden,https://letterboxd.com/thehandmaiden/,11
samthompson22,https://letterboxd.com/samthompson22/,11
brendanmichaels,https://letterboxd.com/brendanmichaels/,11
eddyburback,https://letterboxd.com/eddyburback/,11
brofromanother,https://letterboxd.com/brofromanother/,11
harlequinade,https://letterboxd.com/harlequinade/,11
apple__,https://letterboxd.com/apple__/,11
hooviesmovies,https://letterboxd.com/hooviesmovies/,11
phoebejl,https://letterboxd.com/phoebejl/,11
theblackphillip,https://letterboxd.com/theblackphillip/,11
bobbyfinger,https://letterboxd.com/bobbyfinger/,11
silentjoe13,https://letterboxd.com/silentjoe13/,11
steele98,https://letterboxd.com/steele98/,11
thejacko,https://letterboxd.com/thejacko/,11
subsahaaron,https://letterboxd.com/subsahaaron/,11
owenpatnaude,https://letterboxd.com/owenpatnaude/,11
morgtionpicture,https://letterboxd.com/morgtionpicture/,11
popcornideology,https://letterboxd.com/popcornideology/,11
mank,https://letterboxd.com/mank/,11
gc11,https://letterboxd.com/gc11/,11
juliendonkeyboi,https://letterboxd.com/juliendonkeyboi/,11
evasive,https://letterboxd.com/evasive/,12
colinfirths,https://letterboxd.com/colinfirths/,12
caityperrie,https://letterboxd.com/caityperrie/,12
samvanhallgren,https://letterboxd.com/samvanhallgren/,12
sweetaslemons,https://letterboxd.com/sweetaslemons/,12
ryangosling,https://letterboxd.com/ryangosling/,12
chavrosbaby,https://letterboxd.com/chavrosbaby/,12
oliviahockey,https://letterboxd.com/oliviahockey/,12
louispeitzman,https://letterboxd.com/louispeitzman/,12
ndc32002,https://letterboxd.com/ndc32002/,12
hectorx,https://letterboxd.com/hectorx/,12
kennedylizrose,https://letterboxd.com/kennedylizrose/,12
supremelemon,https://letterboxd.com/supremelemon/,12
tediously_brief,https://letterboxd.com/tediously_brief/,12
gwenlikesfilm,https://letterboxd.com/gwenlikesfilm/,12
wizardchurch,https://letterboxd.com/wizardchurch/,12
stautis,https://letterboxd.com/stautis/,12
colintroy,https://letterboxd.com/colintroy/,12
gabbwoo,https://letterboxd.com/gabbwoo/,12
joshuacaine,https://letterboxd.com/joshuacaine/,12
cilliansheart,https://letterboxd.com/cilliansheart/,12
haiduc,https://letterboxd.com/haiduc/,12
leschroeck,https://letterboxd.com/leschroeck/,12
followtheblind,https://letterboxd.com/followtheblind/,12
philippeleao,https://letterboxd.com/philippeleao/,12
ultimateparker,https://letterboxd.com/ultimateparker/,12
benmatthewempey,https://letterboxd.com/benmatthewempey/,12
syaoran,https://letterboxd.com/syaoran/,12
adrianam,https://letterboxd.com/adrianam/,12
cinemaexcelsior,https://letterboxd.com/cinemaexcelsior/,12
sakana1,https://letterboxd.com/sakana1/,13
dreamscape40,https://letterboxd.com/dreamscape40/,13
gregs1999,https://letterboxd.com/gregs1999/,13
hongweikai,https://letterboxd.com/hongweikai/,13
dawsonejoyce,https://letterboxd.com/dawsonejoyce/,13
vegto389,https://letterboxd.com/vegto389/,13
rosamundpike,https://letterboxd.com/rosamundpike/,13
bjstreu513,https://letterboxd.com/bjstreu513/,13
josiahmorgan11,https://letterboxd.com/josiahmorgan11/,13
diogoserafim,https://letterboxd.com/diogoserafim/,13
lesaladino,https://letterboxd.com/lesaladino/,13
tobethharmon,https://letterboxd.com/tobethharmon/,13
miag0th,https://letterboxd.com/miag0th/,13
martinslisbon,https://letterboxd.com/martinslisbon/,13
sammmbennettt,https://letterboxd.com/sammmbennettt/,13
tuoto,https://letterboxd.com/tuoto/,13
gracespelman,https://letterboxd.com/gracespelman/,13
filmexpress,https://letterboxd.com/filmexpress/,13
quantumpotpie,https://letterboxd.com/quantumpotpie/,13
mi_m0,https://letterboxd.com/mi_m0/,13
zachpopereviews,https://letterboxd.com/zachpopereviews/,13
timeistheking,https://letterboxd.com/timeistheking/,13
amandaayoung,https://letterboxd.com/amandaayoung/,13
patricksproull,https://letterboxd.com/patricksproull/,13
serenditpity,https://letterboxd.com/serenditpity/,13
laurenbourke,https://letterboxd.com/laurenbourke/,13
ziwe,https://letterboxd.com/ziwe/,13
nickofdasouth,https://letterboxd.com/nickofdasouth/,13
drlemon,https://letterboxd.com/drlemon/,13
shrek4underated,https://letterboxd.com/shrek4underated/,13
kylielemaster,https://letterboxd.com/kylielemaster/,14
jimmycthatsme,https://letterboxd.com/jimmycthatsme/,14
realkinoshit,https://letterboxd.com/realkinoshit/,14
othavio232,https://letterboxd.com/othavio232/,14
mariamicia13,https://letterboxd.com/mariamicia13/,14
philbertdy,https://letterboxd.com/philbertdy/,14
jupinwhm,https://letterboxd.com/jupinwhm/,14
advokate,https://letterboxd.com/advokate/,14
ladieswholunch,https://letterboxd.com/ladieswholunch/,14
jamesbong,https://letterboxd.com/jamesbong/,14
colinandrews,https://letterboxd.com/colinandrews/,14
neorapp,https://letterboxd.com/neorapp/,14
lifeasfiction,https://letterboxd.com/lifeasfiction/,14
cultureshocker,https://letterboxd.com/cultureshocker/,14
jrwhite,https://letterboxd.com/jrwhite/,14
doinkdedoink,https://letterboxd.com/doinkdedoink/,14
vinny_simms,https://letterboxd.com/vinny_simms/,14
magnafarta,https://letterboxd.com/magnafarta/,14
milkbbi,https://letterboxd.com/milkbbi/,14
markmooney,https://letterboxd.com/markmooney/,14
elliebean,https://letterboxd.com/elliebean/,14
cinefan27,https://letterboxd.com/cinefan27/,14
scotttobias,https://letterboxd.com/scotttobias/,14
evelynchevalier,https://letterboxd.com/evelynchevalier/,14
voyage1969,https://letterboxd.com/voyage1969/,14
damsavies,https://letterboxd.com/damsavies/,14
lesserbohemian,https://letterboxd.com/lesserbohemian/,14
jockrivette,https://letterboxd.com/jockrivette/,14
ginnyweasley,https://letterboxd.com/ginnyweasley/,14
scumbalina,https://letterboxd.com/scumbalina/,14
lubchansky,https://letterboxd.com/lubchansky/,15
notmerii,https://letterboxd.com/notmerii/,15
missflo,https://letterboxd.com/missflo/,15
k1llingfilms,https://letterboxd.com/k1llingfilms/,15
yeshomo,https://letterboxd.com/yeshomo/,15
cjwalsh27,https://letterboxd.com/cjwalsh27/,15
joshuapictures,https://letterboxd.com/joshuapictures/,15
bartonfinked,https://letterboxd.com/bartonfinked/,15
jizzmonkey,https://letterboxd.com/jizzmonkey/,15
gentryaustin,https://letterboxd.com/gentryaustin/,15
steventhomas,https://letterboxd.com/steventhomas/,15
jackstobart,https://letterboxd.com/jackstobart/,15
oldfilmsflicker,https://letterboxd.com/oldfilmsflicker/,15
ashtonkinley,https://letterboxd.com/ashtonkinley/,15
dialnfornick,https://letterboxd.com/dialnfornick/,15
aegxpredator,https://letterboxd.com/aegxpredator/,15
benoftheweek,https://letterboxd.com/benoftheweek/,15
tylot_lantern,https://letterboxd.com/tylot_lantern/,15
iman_vell,https://letterboxd.com/iman_vell/,15
rdaniel55,https://letterboxd.com/rdaniel55/,15
teamgal,https://letterboxd.com/teamgal/,15
1godfella,https://letterboxd.com/1godfella/,15
marcissus,https://letterboxd.com/marcissus/,15
vangoth,https://letterboxd.com/vangoth/,15
julps2,https://letterboxd.com/julps2/,15
popofett,https://letterboxd.com/popofett/,15
filmspotting,https://letterboxd.com/filmspotting/,15
oliviaolive,https://letterboxd.com/oliviaolive/,15
namelessvero,https://letterboxd.com/namelessvero/,15
timbrayton,https://letterboxd.com/timbrayton/,15
thisisalexei,https://letterboxd.com/thisisalexei/,16
jstoobs,https://letterboxd.com/jstoobs/,16
damdaaamm,https://letterboxd.com/damdaaamm/,16
shutterisland,https://letterboxd.com/shutterisland/,16
ralfmakesmovies,https://letterboxd.com/ralfmakesmovies/,16
vincentjello,https://letterboxd.com/vincentjello/,16
lennylobster,https://letterboxd.com/lennylobster/,16
hbarletto242,https://letterboxd.com/hbarletto242/,16
iamthatroby,https://letterboxd.com/iamthatroby/,16
cameronkanachki,https://letterboxd.com/cameronkanachki/,16
joshuadysart,https://letterboxd.com/joshuadysart/,16
filmforgetter,https://letterboxd.com/filmforgetter/,16
haydenstarkey,https://letterboxd.com/haydenstarkey/,16
barbiest,https://letterboxd.com/barbiest/,16
cartoonshi,https://letterboxd.com/cartoonshi/,16
ahbr,https://letterboxd.com/ahbr/,16
mollyy,https://letterboxd.com/mollyy/,16
varghese_no1,https://letterboxd.com/varghese_no1/,16
browsehorror,https://letterboxd.com/browsehorror/,16
maiapog,https://letterboxd.com/maiapog/,16
denduffy,https://letterboxd.com/denduffy/,16
visionsofgideon,https://letterboxd.com/visionsofgideon/,16
ttyllucy,https://letterboxd.com/ttyllucy/,16
eclectic_em,https://letterboxd.com/eclectic_em/,16
psychopike,https://letterboxd.com/psychopike/,16
kmeeks,https://letterboxd.com/kmeeks/,16
lifewithnopants,https://letterboxd.com/lifewithnopants/,16
ashonfilm,https://letterboxd.com/ashonfilm/,16
tasharobinson,https://letterboxd.com/tasharobinson/,16
cvall96,https://letterboxd.com/cvall96/,16
sm8king,https://letterboxd.com/sm8king/,17
tobiasandersen2,https://letterboxd.com/tobiasandersen2/,17
thediegoandaluz,https://letterboxd.com/thediegoandaluz/,17
hailliackerman,https://letterboxd.com/hailliackerman/,17
toddalex86,https://letterboxd.com/toddalex86/,17
marialuisacctc,https://letterboxd.com/marialuisacctc/,17
bcrosser,https://letterboxd.com/bcrosser/,17
hanklay,https://letterboxd.com/hanklay/,17
leedoesnotexist,https://letterboxd.com/leedoesnotexist/,17
bubbleboy,https://letterboxd.com/bubbleboy/,17
naughty,https://letterboxd.com/naughty/,17
rylanfilms,https://letterboxd.com/rylanfilms/,17
dirtgrub,https://letterboxd.com/dirtgrub/,17
michaelhaneke,https://letterboxd.com/michaelhaneke/,17
oscos,https://letterboxd.com/oscos/,17
gamegeek,https://letterboxd.com/gamegeek/,17
ianjonas,https://letterboxd.com/ianjonas/,17
nadwatches,https://letterboxd.com/nadwatches/,17
nerdkultur,https://letterboxd.com/nerdkultur/,17
gdw,https://letterboxd.com/gdw/,17
