username,display_name,num_reviews
schaffrillas,James (Schaffrillas),1166
kurstboy,Karsten,1572
colonelmortimer,matt lynch,5600
draper_,anto,809
jonathanfujii,jonathan fujii,688
jay,Jay,1597
jaragon23,CinemaJoe,1393
justinwuah,justinwuah,340
zoerosebryant,zoÃ« rose bryant,2387
timtamtitus,timtamtitus,754
davidlsims,David Sims,1580
deathproof,Lucy,1864
ahbr,allainâ™¡,419
davidehrlich,davidehrlich,2721
framesofnick,Framesofnick,819
neorapp,neorapp,18
aarnwlsn,aaron,1491
zer0mile,ğ‰,52
ingridgoeswest,#1 gizmo fan,1242
thejoshl,Josh Lewis,4281
